test accuracy,train accuracy,percent,iter,time done,time left,iters per second,lora_k,lora_type,num_layer,mode,dataset,time per iter
0.8530000448226929,0.9967,40,400,144, 03:36,2.77,4,-1,1,-1,yelp_polarity,0.36
0.5,0.5,100,1000,335, 00:00,2.98,16,-1,1,-1,yelp_polarity,0.335
0.5,0.5,100,1000,338, 00:00,2.95,32,-1,1,-1,yelp_polarity,0.338
0.5,0.5,100,1000,350, 00:00,2.85,64,-1,1,-1,yelp_polarity,0.35
0.8020000457763672,0.9917,100,1000,333, 00:00,3.0,4,0,1,-1,yelp_polarity,0.333
0.8300000429153442,0.9883,100,1000,333, 00:00,3.0,16,0,1,-1,yelp_polarity,0.333
0.7690000534057617,0.9733,100,1000,334, 00:00,2.99,32,0,1,-1,yelp_polarity,0.334
0.5,0.5,100,1000,335, 00:00,2.98,64,0,1,-1,yelp_polarity,0.335
0.7890000343322754,0.9617,100,1000,334, 00:00,2.99,4,3,1,-1,yelp_polarity,0.334
0.5,0.5,100,1000,334, 00:00,2.99,16,3,1,-1,yelp_polarity,0.334
0.7900000214576721,0.985,100,1000,334, 00:00,2.99,32,3,1,-1,yelp_polarity,0.334
0.5,0.5,100,1000,334, 00:00,2.99,64,3,1,-1,yelp_polarity,0.334
0.8050000667572021,0.9983,80,800,277, 01:09,2.88,4,6,1,-1,yelp_polarity,0.34625
0.7980000376701355,0.995,90,900,310, 00:34,2.89,16,6,1,-1,yelp_polarity,0.34444444444444444
0.5,0.5,100,1000,334, 00:00,2.99,32,6,1,-1,yelp_polarity,0.334
0.734000027179718,0.8333,100,1000,334, 00:00,2.99,64,6,1,-1,yelp_polarity,0.334
0.5,0.9417,100,1000,333, 00:00,2.99,4,9,1,-1,yelp_polarity,0.333
0.7780000567436218,0.99,100,1000,334, 00:00,2.99,16,9,1,-1,yelp_polarity,0.334
0.7940000295639038,0.9967,90,900,310, 00:34,2.89,32,9,1,-1,yelp_polarity,0.34444444444444444
0.5,0.5017,100,1000,335, 00:00,2.98,64,9,1,-1,yelp_polarity,0.335
0.781000018119812,0.99,100,1000,333, 00:00,3.0,4,11,1,-1,yelp_polarity,0.333
0.7880000472068787,0.9883,100,1000,333, 00:00,2.99,16,11,1,-1,yelp_polarity,0.333
0.781000018119812,0.995,80,800,277, 01:09,2.89,32,11,1,-1,yelp_polarity,0.34625
0.7770000100135803,0.9967,60,600,210, 02:20,2.84,64,11,1,-1,yelp_polarity,0.35
0.8530000448226929,0.9967,40,400,143, 03:35,2.78,4,-1,2,-1,yelp_polarity,0.3575
0.5,0.5,100,1000,335, 00:00,2.98,16,-1,2,-1,yelp_polarity,0.335
0.5,0.5,100,1000,337, 00:00,2.96,32,-1,2,-1,yelp_polarity,0.337
0.5,0.5,100,1000,350, 00:00,2.86,64,-1,2,-1,yelp_polarity,0.35
0.7790000438690186,0.9983,60,600,210, 02:20,2.86,4,0,2,-1,yelp_polarity,0.35
0.7630000114440918,0.9683,100,1000,334, 00:00,2.99,16,0,2,-1,yelp_polarity,0.334
0.7050000429153442,0.975,100,1000,334, 00:00,2.99,32,0,2,-1,yelp_polarity,0.334
0.5,0.5,100,1000,336, 00:00,2.97,64,0,2,-1,yelp_polarity,0.336
0.8070000410079956,0.9817,100,1000,333, 00:00,3.0,4,3,2,-1,yelp_polarity,0.333
0.7730000615119934,0.9383,100,1000,334, 00:00,2.99,16,3,2,-1,yelp_polarity,0.334
0.5,0.9667,100,1000,335, 00:00,2.98,32,3,2,-1,yelp_polarity,0.335
0.5,0.5,100,1000,336, 00:00,2.97,64,3,2,-1,yelp_polarity,0.336
0.7940000295639038,0.9933,100,1000,333, 00:00,3.0,4,6,2,-1,yelp_polarity,0.333
0.8050000667572021,0.995,70,700,244, 01:44,2.87,16,6,2,-1,yelp_polarity,0.3485714285714286
0.7910000085830688,0.9533,100,1000,334, 00:00,2.99,32,6,2,-1,yelp_polarity,0.334
0.8040000200271606,0.9983,70,700,245, 01:45,2.85,64,6,2,-1,yelp_polarity,0.35
0.796000063419342,0.995,60,600,210, 02:20,2.85,4,9,2,-1,yelp_polarity,0.35
0.8080000281333923,0.9983,80,800,277, 01:09,2.88,16,9,2,-1,yelp_polarity,0.34625
0.7830000519752502,0.9967,80,800,277, 01:09,2.88,32,9,2,-1,yelp_polarity,0.34625
0.5,0.5,100,1000,336, 00:00,2.97,64,9,2,-1,yelp_polarity,0.336
0.781000018119812,0.99,100,1000,333, 00:00,3.0,4,11,2,-1,yelp_polarity,0.333
0.7880000472068787,0.9883,100,1000,334, 00:00,2.99,16,11,2,-1,yelp_polarity,0.334
0.781000018119812,0.995,80,800,277, 01:09,2.88,32,11,2,-1,yelp_polarity,0.34625
0.7770000100135803,0.9967,60,600,211, 02:20,2.84,64,11,2,-1,yelp_polarity,0.3516666666666667
0.8530000448226929,0.9967,40,400,143, 03:35,2.78,4,-1,3,-1,yelp_polarity,0.3575
0.5,0.5,100,1000,335, 00:00,2.98,16,-1,3,-1,yelp_polarity,0.335
0.5,0.5,100,1000,337, 00:00,2.96,32,-1,3,-1,yelp_polarity,0.337
0.5,0.5,100,1000,349, 00:00,2.86,64,-1,3,-1,yelp_polarity,0.349
0.8100000619888306,0.9967,70,700,243, 01:44,2.87,4,0,3,-1,yelp_polarity,0.34714285714285714
0.7990000247955322,0.9767,100,1000,334, 00:00,2.99,16,0,3,-1,yelp_polarity,0.334
0.5,0.5,100,1000,334, 00:00,2.99,32,0,3,-1,yelp_polarity,0.334
0.5,0.5,100,1000,337, 00:00,2.96,64,0,3,-1,yelp_polarity,0.337
0.8230000138282776,0.995,60,600,210, 02:20,2.86,4,3,3,-1,yelp_polarity,0.35
0.7700000405311584,0.9567,100,1000,334, 00:00,2.99,16,3,3,-1,yelp_polarity,0.334
0.5,0.9733,100,1000,334, 00:00,2.99,32,3,3,-1,yelp_polarity,0.334
0.5,0.5,100,1000,337, 00:00,2.96,64,3,3,-1,yelp_polarity,0.337
0.8300000429153442,0.9967,40,400,143, 03:35,2.79,4,6,3,-1,yelp_polarity,0.3575
0.7220000624656677,0.9867,100,1000,334, 00:00,2.99,16,6,3,-1,yelp_polarity,0.334
0.737000048160553,0.9133,100,1000,334, 00:00,2.99,32,6,3,-1,yelp_polarity,0.334
0.5,0.5,100,1000,337, 00:00,2.96,64,6,3,-1,yelp_polarity,0.337
0.8280000686645508,0.9967,40,400,143, 03:35,2.79,4,9,3,-1,yelp_polarity,0.3575
0.5,0.5,100,1000,334, 00:00,2.99,16,9,3,-1,yelp_polarity,0.334
0.5,0.5,100,1000,335, 00:00,2.98,32,9,3,-1,yelp_polarity,0.335
0.5,0.5,100,1000,338, 00:00,2.96,64,9,3,-1,yelp_polarity,0.338
0.781000018119812,0.99,100,1000,334, 00:00,2.99,4,11,3,-1,yelp_polarity,0.334
0.7880000472068787,0.9883,100,1000,334, 00:00,2.99,16,11,3,-1,yelp_polarity,0.334
0.781000018119812,0.995,80,800,277, 01:09,2.88,32,11,3,-1,yelp_polarity,0.34625
0.7770000100135803,0.9967,60,600,211, 02:20,2.84,64,11,3,-1,yelp_polarity,0.3516666666666667
0.6754658222198486,0.9917,100,1000,95, 00:00,10.43,4,-1,1,-1,cola,0.095
0.5636646151542664,0.8583,100,1000,97, 00:00,10.29,16,-1,1,-1,cola,0.097
0.5,0.5,100,1000,99, 00:00,10.06,32,-1,1,-1,cola,0.099
0.5,0.5,100,1000,103, 00:00,9.62,64,-1,1,-1,cola,0.103
0.600931704044342,0.955,100,1000,117, 00:00,8.54,4,0,1,-1,cola,0.117
0.6661490797996521,0.985,100,1000,117, 00:00,8.53,16,0,1,-1,cola,0.117
0.5481366515159607,0.8883,100,1000,116, 00:00,8.55,32,0,1,-1,cola,0.116
0.5,0.5,100,1000,117, 00:00,8.49,64,0,1,-1,cola,0.117
0.5807453393936157,0.965,100,1000,116, 00:00,8.55,4,3,1,-1,cola,0.116
0.5931677222251892,0.955,100,1000,117, 00:00,8.54,16,3,1,-1,cola,0.117
0.5,0.5,100,1000,116, 00:00,8.55,32,3,1,-1,cola,0.116
0.5,0.5033,100,1000,117, 00:00,8.51,64,3,1,-1,cola,0.117
0.5931677222251892,0.96,100,1000,116, 00:00,8.55,4,6,1,-1,cola,0.116
0.579192578792572,0.9583,100,1000,116, 00:00,8.56,16,6,1,-1,cola,0.116
0.510869562625885,0.9217,100,1000,117, 00:00,8.54,32,6,1,-1,cola,0.117
0.554347813129425,0.9017,100,1000,117, 00:00,8.52,64,6,1,-1,cola,0.117
0.6273292303085327,0.945,100,1000,116, 00:00,8.57,4,9,1,-1,cola,0.116
0.6242235898971558,0.9417,100,1000,116, 00:00,8.56,16,9,1,-1,cola,0.116
0.6086956858634949,0.9467,100,1000,117, 00:00,8.54,32,9,1,-1,cola,0.117
0.5,0.5,100,1000,117, 00:00,8.52,64,9,1,-1,cola,0.117
0.6164596676826477,0.9317,100,1000,116, 00:00,8.57,4,11,1,-1,cola,0.116
0.6133540272712708,0.9567,100,1000,117, 00:00,8.54,16,11,1,-1,cola,0.117
0.6537266969680786,0.96,100,1000,117, 00:00,8.53,32,11,1,-1,cola,0.117
0.5,0.6133,100,1000,117, 00:00,8.5,64,11,1,-1,cola,0.117
0.6754658222198486,0.9917,100,1000,95, 00:00,10.48,4,-1,2,-1,cola,0.095
0.5636646151542664,0.8583,100,1000,97, 00:00,10.28,16,-1,2,-1,cola,0.097
0.5,0.5,100,1000,99, 00:00,10.07,32,-1,2,-1,cola,0.099
0.5,0.5,100,1000,103, 00:00,9.63,64,-1,2,-1,cola,0.103
0.6397515535354614,0.9517,100,1000,114, 00:00,8.71,4,0,2,-1,cola,0.114
0.568323016166687,0.93,100,1000,115, 00:00,8.68,16,0,2,-1,cola,0.115
0.5,0.5,100,1000,115, 00:00,8.66,32,0,2,-1,cola,0.115
0.5,0.5,100,1000,116, 00:00,8.6,64,0,2,-1,cola,0.116
0.6692546606063843,0.95,100,1000,114, 00:00,8.73,4,3,2,-1,cola,0.114
0.6180124282836914,0.94,100,1000,114, 00:00,8.7,16,3,2,-1,cola,0.114
0.5698757767677307,0.8833,100,1000,114, 00:00,8.71,32,3,2,-1,cola,0.114
0.5,0.5,100,1000,115, 00:00,8.63,64,3,2,-1,cola,0.115
0.5,0.5,100,1000,114, 00:00,8.72,4,6,2,-1,cola,0.114
0.5,0.9367,100,1000,114, 00:00,8.72,16,6,2,-1,cola,0.114
0.5031055808067322,0.5,100,1000,115, 00:00,8.67,32,6,2,-1,cola,0.115
0.5,0.5,100,1000,116, 00:00,8.61,64,6,2,-1,cola,0.116
0.5962733030319214,0.955,100,1000,114, 00:00,8.72,4,9,2,-1,cola,0.114
0.6102484464645386,0.9617,100,1000,115, 00:00,8.69,16,9,2,-1,cola,0.115
0.6288819909095764,0.935,100,1000,115, 00:00,8.64,32,9,2,-1,cola,0.115
0.5,0.5,100,1000,116, 00:00,8.61,64,9,2,-1,cola,0.116
0.6164596676826477,0.9317,100,1000,116, 00:00,8.59,4,11,2,-1,cola,0.116
0.6133540272712708,0.9567,100,1000,116, 00:00,8.55,16,11,2,-1,cola,0.116
0.6537266969680786,0.96,100,1000,116, 00:00,8.55,32,11,2,-1,cola,0.116
0.5,0.6133,100,1000,117, 00:00,8.52,64,11,2,-1,cola,0.117
0.6754658222198486,0.9917,100,1000,95, 00:00,10.52,4,-1,3,-1,cola,0.095
0.5636646151542664,0.8583,100,1000,97, 00:00,10.3,16,-1,3,-1,cola,0.097
0.5,0.5,100,1000,98, 00:00,10.11,32,-1,3,-1,cola,0.098
0.5,0.5,100,1000,103, 00:00,9.63,64,-1,3,-1,cola,0.103
0.6568323373794556,0.975,100,1000,112, 00:00,8.87,4,0,3,-1,cola,0.112
0.590062141418457,0.9367,100,1000,113, 00:00,8.83,16,0,3,-1,cola,0.113
0.5,0.5,100,1000,113, 00:00,8.78,32,0,3,-1,cola,0.113
0.5,0.5,100,1000,114, 00:00,8.73,64,0,3,-1,cola,0.114
0.6211180090904236,0.9583,100,1000,112, 00:00,8.89,4,3,3,-1,cola,0.112
0.6226708292961121,0.9667,100,1000,113, 00:00,8.85,16,3,3,-1,cola,0.113
0.5,0.5,100,1000,113, 00:00,8.81,32,3,3,-1,cola,0.113
0.5,0.5,100,1000,114, 00:00,8.7,64,3,3,-1,cola,0.114
0.6257764101028442,0.97,100,1000,112, 00:00,8.87,4,6,3,-1,cola,0.112
0.5481366515159607,0.9033,100,1000,113, 00:00,8.83,16,6,3,-1,cola,0.113
0.5,0.5,100,1000,113, 00:00,8.78,32,6,3,-1,cola,0.113
0.5,0.5,100,1000,115, 00:00,8.69,64,6,3,-1,cola,0.115
0.5636646151542664,0.945,100,1000,112, 00:00,8.88,4,9,3,-1,cola,0.112
0.6040372848510742,0.96,100,1000,113, 00:00,8.85,16,9,3,-1,cola,0.113
0.5,0.585,100,1000,113, 00:00,8.82,32,9,3,-1,cola,0.113
0.5,0.5,100,1000,114, 00:00,8.71,64,9,3,-1,cola,0.114
0.6164596676826477,0.9317,100,1000,116, 00:00,8.59,4,11,3,-1,cola,0.116
0.6133540272712708,0.9567,100,1000,116, 00:00,8.56,16,11,3,-1,cola,0.116
0.6537266969680786,0.96,100,1000,117, 00:00,8.55,32,11,3,-1,cola,0.117
0.5,0.6133,100,1000,117, 00:00,8.52,64,11,3,-1,cola,0.117
0.9701754450798036,0.995,10,100,22, 03:23,4.42,4,-1,1,-1,sst2_aug_random_insertion,0.22
0.9543859958648682,0.9983,10,100,22, 03:25,4.38,16,-1,1,-1,sst2_aug_random_insertion,0.22
0.5,0.5,100,1000,171, 00:00,5.84,32,-1,1,-1,sst2_aug_random_insertion,0.171
0.5,0.5,100,1000,176, 00:00,5.66,64,-1,1,-1,sst2_aug_random_insertion,0.176
0.921052634716034,0.995,10,100,23, 03:34,4.2,4,0,1,-1,sst2_aug_random_insertion,0.23
0.9280701875686646,1.0,30,300,60, 02:20,4.99,16,0,1,-1,sst2_aug_random_insertion,0.2
0.91929829120636,0.9983,20,200,42, 02:48,4.75,32,0,1,-1,sst2_aug_random_insertion,0.21
0.9280701875686646,0.9983,10,100,23, 03:34,4.19,64,0,1,-1,sst2_aug_random_insertion,0.23
0.9105263352394104,1.0,20,200,42, 02:48,4.76,4,3,1,-1,sst2_aug_random_insertion,0.21
0.9087719321250916,1.0,10,100,23, 03:33,4.21,16,3,1,-1,sst2_aug_random_insertion,0.23
0.8771929740905762,1.0,20,200,42, 02:48,4.75,32,3,1,-1,sst2_aug_random_insertion,0.21
0.8438596725463867,0.9983,40,400,78, 01:57,5.1,64,3,1,-1,sst2_aug_random_insertion,0.195
0.921052634716034,0.9983,10,100,23, 03:33,4.21,4,6,1,-1,sst2_aug_random_insertion,0.23
0.9122807383537292,0.9967,10,100,23, 03:34,4.2,16,6,1,-1,sst2_aug_random_insertion,0.23
0.8964912295341492,1.0,10,100,23, 03:34,4.2,32,6,1,-1,sst2_aug_random_insertion,0.23
0.5,0.5,100,1000,183, 00:00,5.46,64,6,1,-1,sst2_aug_random_insertion,0.183
0.9070175886154176,0.995,10,100,23, 03:33,4.21,4,9,1,-1,sst2_aug_random_insertion,0.23
0.8719298243522644,0.995,10,100,23, 03:34,4.2,16,9,1,-1,sst2_aug_random_insertion,0.23
0.898245632648468,0.9967,10,100,23, 03:34,4.2,32,9,1,-1,sst2_aug_random_insertion,0.23
0.9228070378303528,0.9983,10,100,23, 03:34,4.19,64,9,1,-1,sst2_aug_random_insertion,0.23
0.8859649300575256,0.9967,10,100,23, 03:33,4.21,4,11,1,-1,sst2_aug_random_insertion,0.23
0.9070175886154176,0.9983,20,200,42, 02:48,4.76,16,11,1,-1,sst2_aug_random_insertion,0.21
0.9333333373069764,1.0,20,200,42, 02:48,4.75,32,11,1,-1,sst2_aug_random_insertion,0.21
0.8491228222846985,0.995,30,300,60, 02:20,4.97,64,11,1,-1,sst2_aug_random_insertion,0.2
0.9701754450798036,0.995,10,100,22, 03:23,4.42,4,-1,2,-1,sst2_aug_random_insertion,0.22
0.9543859958648682,0.9983,10,100,22, 03:25,4.38,16,-1,2,-1,sst2_aug_random_insertion,0.22
0.5,0.5,100,1000,170, 00:00,5.85,32,-1,2,-1,sst2_aug_random_insertion,0.17
0.5,0.5,100,1000,176, 00:00,5.67,64,-1,2,-1,sst2_aug_random_insertion,0.176
0.9298245906829834,0.995,10,100,23, 03:32,4.23,4,0,2,-1,sst2_aug_random_insertion,0.23
0.921052634716034,1.0,10,100,23, 03:33,4.22,16,0,2,-1,sst2_aug_random_insertion,0.23
0.8877193331718445,0.9967,10,100,23, 03:33,4.21,32,0,2,-1,sst2_aug_random_insertion,0.23
0.5,0.5,100,1000,182, 00:00,5.49,64,0,2,-1,sst2_aug_random_insertion,0.182
0.95964914560318,1.0,20,200,41, 02:47,4.79,4,3,2,-1,sst2_aug_random_insertion,0.205
0.9140350818634032,0.9967,20,200,41, 02:47,4.79,16,3,2,-1,sst2_aug_random_insertion,0.205
0.9000000357627869,1.0,20,200,41, 02:47,4.77,32,3,2,-1,sst2_aug_random_insertion,0.205
0.5,0.5,100,1000,182, 00:00,5.49,64,3,2,-1,sst2_aug_random_insertion,0.182
0.9403508901596068,0.995,10,100,23, 03:33,4.22,4,6,2,-1,sst2_aug_random_insertion,0.23
0.9105263352394104,1.0,10,100,23, 03:33,4.22,16,6,2,-1,sst2_aug_random_insertion,0.23
0.9087719321250916,0.9983,10,100,23, 03:33,4.22,32,6,2,-1,sst2_aug_random_insertion,0.23
0.7929824590682983,0.9967,60,600,114, 01:16,5.23,64,6,2,-1,sst2_aug_random_insertion,0.19
0.917543888092041,0.9983,10,100,23, 03:32,4.23,4,9,2,-1,sst2_aug_random_insertion,0.23
0.8894736766815186,0.9983,10,100,23, 03:33,4.22,16,9,2,-1,sst2_aug_random_insertion,0.23
0.9087719321250916,0.995,20,200,41, 02:47,4.77,32,9,2,-1,sst2_aug_random_insertion,0.205
0.5,0.505,100,1000,182, 00:00,5.48,64,9,2,-1,sst2_aug_random_insertion,0.182
0.8859649300575256,0.9967,10,100,23, 03:33,4.21,4,11,2,-1,sst2_aug_random_insertion,0.23
0.9070175886154176,0.9983,20,200,42, 02:48,4.76,16,11,2,-1,sst2_aug_random_insertion,0.21
0.9333333373069764,1.0,20,200,42, 02:48,4.75,32,11,2,-1,sst2_aug_random_insertion,0.21
0.8491228222846985,0.995,30,300,60, 02:20,4.97,64,11,2,-1,sst2_aug_random_insertion,0.2
0.9701754450798036,0.995,10,100,22, 03:23,4.42,4,-1,3,-1,sst2_aug_random_insertion,0.22
0.9543859958648682,0.9983,10,100,22, 03:25,4.39,16,-1,3,-1,sst2_aug_random_insertion,0.22
0.5,0.5,100,1000,170, 00:00,5.85,32,-1,3,-1,sst2_aug_random_insertion,0.17
0.5,0.5,100,1000,176, 00:00,5.66,64,-1,3,-1,sst2_aug_random_insertion,0.176
0.8964912295341492,0.9983,50,500,95, 01:35,5.25,4,0,3,-1,sst2_aug_random_insertion,0.19
0.9035087823867798,1.0,10,100,23, 03:32,4.23,16,0,3,-1,sst2_aug_random_insertion,0.23
0.8561403751373291,0.9967,30,300,59, 02:19,5.02,32,0,3,-1,sst2_aug_random_insertion,0.19666666666666666
0.5,0.5,100,1000,181, 00:00,5.5,64,0,3,-1,sst2_aug_random_insertion,0.181
0.9298245906829834,1.0,10,100,23, 03:32,4.24,4,3,3,-1,sst2_aug_random_insertion,0.23
0.9333333373069764,0.9983,10,100,23, 03:32,4.24,16,3,3,-1,sst2_aug_random_insertion,0.23
0.780701756477356,0.9983,80,800,149, 00:37,5.34,32,3,3,-1,sst2_aug_random_insertion,0.18625
0.5,0.5,100,1000,182, 00:00,5.49,64,3,3,-1,sst2_aug_random_insertion,0.182
0.917543888092041,0.995,20,200,41, 02:46,4.82,4,6,3,-1,sst2_aug_random_insertion,0.205
0.898245632648468,0.9983,10,100,23, 03:32,4.24,16,6,3,-1,sst2_aug_random_insertion,0.23
0.9052631855010986,1.0,10,100,23, 03:32,4.23,32,6,3,-1,sst2_aug_random_insertion,0.23
0.8052631616592407,0.995,30,300,60, 02:20,5.0,64,6,3,-1,sst2_aug_random_insertion,0.2
0.9298245906829834,0.9983,10,100,23, 03:32,4.24,4,9,3,-1,sst2_aug_random_insertion,0.23
0.9333333373069764,1.0,20,200,41, 02:46,4.8,16,9,3,-1,sst2_aug_random_insertion,0.205
0.5,0.5,100,1000,180, 00:00,5.55,32,9,3,-1,sst2_aug_random_insertion,0.18
0.5,0.5,100,1000,181, 00:00,5.5,64,9,3,-1,sst2_aug_random_insertion,0.181
0.8859649300575256,0.9967,10,100,23, 03:33,4.21,4,11,3,-1,sst2_aug_random_insertion,0.23
0.9070175886154176,0.9983,20,200,42, 02:48,4.76,16,11,3,-1,sst2_aug_random_insertion,0.21
0.9333333373069764,1.0,20,200,42, 02:48,4.75,32,11,3,-1,sst2_aug_random_insertion,0.21
0.8491228222846985,0.995,30,300,60, 02:20,4.97,64,11,3,-1,sst2_aug_random_insertion,0.2
0.9333333373069764,0.9967,20,200,30, 02:01,6.59,4,-1,1,-1,sst2_aug_random_swap,0.15
0.8964912295341492,1.0,20,200,30, 02:03,6.46,16,-1,1,-1,sst2_aug_random_swap,0.15
0.5,0.5,100,1000,138, 00:00,7.2,32,-1,1,-1,sst2_aug_random_swap,0.138
0.5,0.5,100,1000,144, 00:00,6.93,64,-1,1,-1,sst2_aug_random_swap,0.144
0.8245614171028137,0.995,30,300,48, 01:53,6.15,4,0,1,-1,sst2_aug_random_swap,0.16
0.840350866317749,0.9983,20,200,33, 02:14,5.93,16,0,1,-1,sst2_aug_random_swap,0.165
0.857894778251648,0.995,20,200,33, 02:14,5.93,32,0,1,-1,sst2_aug_random_swap,0.165
0.8421052694320679,1.0,30,300,48, 01:54,6.13,64,0,1,-1,sst2_aug_random_swap,0.16
0.838596522808075,0.9983,70,700,109, 00:47,6.38,4,3,1,-1,sst2_aug_random_swap,0.15571428571428572
0.8719298243522644,1.0,30,300,48, 01:54,6.13,16,3,1,-1,sst2_aug_random_swap,0.16
0.857894778251648,1.0,50,500,79, 01:19,6.32,32,3,1,-1,sst2_aug_random_swap,0.158
0.8561403751373291,1.0,30,300,48, 01:54,6.13,64,3,1,-1,sst2_aug_random_swap,0.16
0.857894778251648,0.995,30,300,48, 01:53,6.15,4,6,1,-1,sst2_aug_random_swap,0.16
0.9035087823867798,1.0,50,500,79, 01:19,6.31,16,6,1,-1,sst2_aug_random_swap,0.158
0.8807017803192139,1.0,10,100,18, 02:44,5.46,32,6,1,-1,sst2_aug_random_swap,0.18
0.8473684191703796,0.9983,20,200,33, 02:15,5.92,64,6,1,-1,sst2_aug_random_swap,0.165
0.8526315689086914,1.0,30,300,48, 01:53,6.15,4,9,1,-1,sst2_aug_random_swap,0.16
0.8228070139884949,0.9983,70,700,109, 00:46,6.4,16,9,1,-1,sst2_aug_random_swap,0.15571428571428572
0.8701754808425903,0.9983,20,200,33, 02:15,5.92,32,9,1,-1,sst2_aug_random_swap,0.165
0.9122807383537292,1.0,30,300,48, 01:54,6.13,64,9,1,-1,sst2_aug_random_swap,0.16
0.8859649300575256,0.9983,20,200,33, 02:14,5.95,4,11,1,-1,sst2_aug_random_swap,0.165
0.8771929740905762,0.9967,10,100,18, 02:45,5.43,16,11,1,-1,sst2_aug_random_swap,0.18
0.8631579279899597,0.995,20,200,33, 02:15,5.91,32,11,1,-1,sst2_aug_random_swap,0.165
0.8771929740905762,0.995,20,200,33, 02:15,5.89,64,11,1,-1,sst2_aug_random_swap,0.165
0.9333333373069764,0.9967,20,200,30, 02:02,6.54,4,-1,2,-1,sst2_aug_random_swap,0.15
0.8964912295341492,1.0,20,200,30, 02:03,6.47,16,-1,2,-1,sst2_aug_random_swap,0.15
0.5,0.5,100,1000,138, 00:00,7.22,32,-1,2,-1,sst2_aug_random_swap,0.138
0.5,0.5,100,1000,143, 00:00,6.95,64,-1,2,-1,sst2_aug_random_swap,0.143
0.8842105269432068,1.0,20,200,33, 02:13,5.98,4,0,2,-1,sst2_aug_random_swap,0.165
0.8842105269432068,0.995,20,200,33, 02:13,5.99,16,0,2,-1,sst2_aug_random_swap,0.165
0.8824561834335327,0.9967,20,200,33, 02:14,5.95,32,0,2,-1,sst2_aug_random_swap,0.165
0.5807017683982849,0.7483,100,1000,152, 00:00,6.58,64,0,2,-1,sst2_aug_random_swap,0.152
0.8491228222846985,0.9983,30,300,48, 01:53,6.19,4,3,2,-1,sst2_aug_random_swap,0.16
0.8912280797958374,1.0,20,200,33, 02:14,5.97,16,3,2,-1,sst2_aug_random_swap,0.165
0.5,0.5,100,1000,151, 00:00,6.6,32,3,2,-1,sst2_aug_random_swap,0.151
0.878947377204895,0.9983,20,200,33, 02:15,5.89,64,3,2,-1,sst2_aug_random_swap,0.165
0.8736842274665833,0.995,10,100,18, 02:45,5.42,4,6,2,-1,sst2_aug_random_swap,0.18
0.8736842274665833,1.0,20,200,33, 02:14,5.96,16,6,2,-1,sst2_aug_random_swap,0.165
0.8842105269432068,0.9983,20,200,33, 02:14,5.95,32,6,2,-1,sst2_aug_random_swap,0.165
0.8228070139884949,0.9983,40,400,64, 01:36,6.24,64,6,2,-1,sst2_aug_random_swap,0.16
0.8771929740905762,1.0,20,200,33, 02:14,5.97,4,9,2,-1,sst2_aug_random_swap,0.165
0.8701754808425903,1.0,30,300,48, 01:52,6.2,16,9,2,-1,sst2_aug_random_swap,0.16
0.840350866317749,0.9983,30,300,48, 01:53,6.18,32,9,2,-1,sst2_aug_random_swap,0.16
0.8333333730697632,1.0,30,300,48, 01:53,6.16,64,9,2,-1,sst2_aug_random_swap,0.16
0.8859649300575256,0.9983,20,200,33, 02:15,5.92,4,11,2,-1,sst2_aug_random_swap,0.165
0.8771929740905762,0.9967,10,100,18, 02:46,5.42,16,11,2,-1,sst2_aug_random_swap,0.18
0.8631579279899597,0.995,20,200,33, 02:15,5.91,32,11,2,-1,sst2_aug_random_swap,0.165
0.8771929740905762,0.995,20,200,33, 02:15,5.9,64,11,2,-1,sst2_aug_random_swap,0.165
0.9333333373069764,0.9967,20,200,30, 02:02,6.54,4,-1,3,-1,sst2_aug_random_swap,0.15
0.8964912295341492,1.0,20,200,30, 02:03,6.49,16,-1,3,-1,sst2_aug_random_swap,0.15
0.5,0.5,100,1000,138, 00:00,7.24,32,-1,3,-1,sst2_aug_random_swap,0.138
0.5,0.5,100,1000,143, 00:00,6.97,64,-1,3,-1,sst2_aug_random_swap,0.143
0.8052631616592407,0.995,30,300,47, 01:51,6.26,4,0,3,-1,sst2_aug_random_swap,0.15666666666666668
0.8771929740905762,0.9967,20,200,33, 02:12,6.04,16,0,3,-1,sst2_aug_random_swap,0.165
0.8859649300575256,1.0,20,200,33, 02:13,6.01,32,0,3,-1,sst2_aug_random_swap,0.165
0.5052631497383118,0.5017,100,1000,151, 00:00,6.61,64,0,3,-1,sst2_aug_random_swap,0.151
0.9017543792724608,0.9967,20,200,33, 02:12,6.02,4,3,3,-1,sst2_aug_random_swap,0.165
0.8929824829101562,1.0,30,300,48, 01:52,6.23,16,3,3,-1,sst2_aug_random_swap,0.16
0.8333333730697632,0.995,60,600,92, 01:01,6.46,32,3,3,-1,sst2_aug_random_swap,0.15333333333333332
0.8280701637268066,0.995,20,200,33, 02:14,5.95,64,3,3,-1,sst2_aug_random_swap,0.165
0.8912280797958374,0.995,20,200,32, 02:11,6.07,4,6,3,-1,sst2_aug_random_swap,0.16
0.8842105269432068,0.9983,20,200,33, 02:13,6.0,16,6,3,-1,sst2_aug_random_swap,0.165
0.8701754808425903,0.995,10,100,18, 02:43,5.49,32,6,3,-1,sst2_aug_random_swap,0.18
0.840350866317749,0.995,20,200,33, 02:14,5.94,64,6,3,-1,sst2_aug_random_swap,0.165
0.8684210777282715,0.9967,20,200,33, 02:12,6.02,4,9,3,-1,sst2_aug_random_swap,0.165
0.8526315689086914,0.9983,20,200,33, 02:13,6.01,16,9,3,-1,sst2_aug_random_swap,0.165
0.8754386305809021,0.9983,20,200,33, 02:13,5.99,32,9,3,-1,sst2_aug_random_swap,0.165
0.5,0.5,100,1000,151, 00:00,6.62,64,9,3,-1,sst2_aug_random_swap,0.151
0.8859649300575256,0.9983,20,200,33, 02:14,5.93,4,11,3,-1,sst2_aug_random_swap,0.165
0.8771929740905762,0.9967,10,100,18, 02:46,5.4,16,11,3,-1,sst2_aug_random_swap,0.18
0.8631579279899597,0.995,20,200,33, 02:15,5.92,32,11,3,-1,sst2_aug_random_swap,0.165
0.8771929740905762,0.995,20,200,33, 02:15,5.91,64,11,3,-1,sst2_aug_random_swap,0.165
0.9438596963882446,0.9983,10,100,21, 03:12,4.67,4,-1,1,-1,sst2_aug_synonym_replacement,0.21
0.921052634716034,0.995,10,100,21, 03:14,4.63,16,-1,1,-1,sst2_aug_synonym_replacement,0.21
0.5,0.5,100,1000,162, 00:00,6.16,32,-1,1,-1,sst2_aug_synonym_replacement,0.162
0.5,0.5,100,1000,167, 00:00,5.97,64,-1,1,-1,sst2_aug_synonym_replacement,0.167
0.8719298243522644,0.995,20,200,40, 02:40,4.98,4,0,1,-1,sst2_aug_synonym_replacement,0.2
0.8491228222846985,0.9967,20,200,40, 02:40,4.97,16,0,1,-1,sst2_aug_synonym_replacement,0.2
0.840350866317749,0.9983,40,400,74, 01:52,5.34,32,0,1,-1,sst2_aug_synonym_replacement,0.185
0.5,0.5,100,1000,175, 00:00,5.71,64,0,1,-1,sst2_aug_synonym_replacement,0.175
0.8877193331718445,1.0,20,200,40, 02:40,4.98,4,3,1,-1,sst2_aug_synonym_replacement,0.2
0.8877193331718445,1.0,20,200,40, 02:40,4.97,16,3,1,-1,sst2_aug_synonym_replacement,0.2
0.8649122714996338,0.9967,20,200,40, 02:40,4.97,32,3,1,-1,sst2_aug_synonym_replacement,0.2
0.7736842036247253,0.9967,40,400,75, 01:52,5.33,64,3,1,-1,sst2_aug_synonym_replacement,0.1875
0.838596522808075,0.9967,30,300,57, 02:14,5.21,4,6,1,-1,sst2_aug_synonym_replacement,0.19
0.8666666746139526,1.0,40,400,74, 01:52,5.35,16,6,1,-1,sst2_aug_synonym_replacement,0.185
0.8824561834335327,1.0,30,300,57, 02:14,5.21,32,6,1,-1,sst2_aug_synonym_replacement,0.19
0.5,0.5,100,1000,175, 00:00,5.71,64,6,1,-1,sst2_aug_synonym_replacement,0.175
0.8666666746139526,0.995,20,200,40, 02:40,4.97,4,9,1,-1,sst2_aug_synonym_replacement,0.2
0.8754386305809021,0.9983,20,200,40, 02:40,4.98,16,9,1,-1,sst2_aug_synonym_replacement,0.2
0.8877193331718445,0.9967,20,200,40, 02:41,4.97,32,9,1,-1,sst2_aug_synonym_replacement,0.2
0.8754386305809021,0.9983,40,400,75, 01:52,5.33,64,9,1,-1,sst2_aug_synonym_replacement,0.1875
0.921052634716034,0.995,10,100,22, 03:24,4.41,4,11,1,-1,sst2_aug_synonym_replacement,0.22
0.8701754808425903,0.9983,20,200,40, 02:40,4.98,16,11,1,-1,sst2_aug_synonym_replacement,0.2
0.7947368621826172,0.995,70,700,127, 00:54,5.49,32,11,1,-1,sst2_aug_synonym_replacement,0.18142857142857144
0.5,0.5,100,1000,175, 00:00,5.7,64,11,1,-1,sst2_aug_synonym_replacement,0.175
0.9438596963882446,0.9983,10,100,21, 03:13,4.66,4,-1,2,-1,sst2_aug_synonym_replacement,0.21
0.921052634716034,0.995,10,100,21, 03:14,4.62,16,-1,2,-1,sst2_aug_synonym_replacement,0.21
0.5,0.5,100,1000,162, 00:00,6.15,32,-1,2,-1,sst2_aug_synonym_replacement,0.162
0.5,0.5,100,1000,168, 00:00,5.94,64,-1,2,-1,sst2_aug_synonym_replacement,0.168
0.917543888092041,0.9983,20,200,40, 02:40,4.99,4,0,2,-1,sst2_aug_synonym_replacement,0.2
0.8824561834335327,0.995,30,300,57, 02:13,5.22,16,0,2,-1,sst2_aug_synonym_replacement,0.19
0.8421052694320679,1.0,30,300,57, 02:14,5.22,32,0,2,-1,sst2_aug_synonym_replacement,0.19
0.5,0.5,100,1000,175, 00:00,5.71,64,0,2,-1,sst2_aug_synonym_replacement,0.175
0.8175438642501831,1.0,40,400,74, 01:51,5.37,4,3,2,-1,sst2_aug_synonym_replacement,0.185
0.7824561595916748,0.9933,100,1000,175, 00:00,5.69,16,3,2,-1,sst2_aug_synonym_replacement,0.175
0.8842105269432068,1.0,20,200,40, 02:40,4.98,32,3,2,-1,sst2_aug_synonym_replacement,0.2
0.8473684191703796,1.0,30,300,57, 02:14,5.2,64,3,2,-1,sst2_aug_synonym_replacement,0.19
0.9052631855010986,0.9967,20,200,40, 02:40,5.0,4,6,2,-1,sst2_aug_synonym_replacement,0.2
0.898245632648468,0.995,10,100,22, 03:24,4.41,16,6,2,-1,sst2_aug_synonym_replacement,0.22
0.8807017803192139,1.0,20,200,40, 02:40,4.98,32,6,2,-1,sst2_aug_synonym_replacement,0.2
0.8473684191703796,0.995,50,500,92, 01:32,5.4,64,6,2,-1,sst2_aug_synonym_replacement,0.184
0.9087719321250916,0.995,10,100,22, 03:23,4.42,4,9,2,-1,sst2_aug_synonym_replacement,0.22
0.8315789699554443,0.9967,50,500,92, 01:32,5.43,16,9,2,-1,sst2_aug_synonym_replacement,0.184
0.7894737124443054,0.995,30,300,57, 02:14,5.22,32,9,2,-1,sst2_aug_synonym_replacement,0.19
0.5,0.5,100,1000,175, 00:00,5.71,64,9,2,-1,sst2_aug_synonym_replacement,0.175
0.921052634716034,0.995,10,100,22, 03:24,4.4,4,11,2,-1,sst2_aug_synonym_replacement,0.22
0.8701754808425903,0.9983,20,200,40, 02:41,4.96,16,11,2,-1,sst2_aug_synonym_replacement,0.2
0.7947368621826172,0.995,70,700,127, 00:54,5.47,32,11,2,-1,sst2_aug_synonym_replacement,0.18142857142857144
0.5,0.5,100,1000,175, 00:00,5.69,64,11,2,-1,sst2_aug_synonym_replacement,0.175
0.9438596963882446,0.9983,10,100,21, 03:13,4.66,4,-1,3,-1,sst2_aug_synonym_replacement,0.21
0.921052634716034,0.995,10,100,21, 03:15,4.6,16,-1,3,-1,sst2_aug_synonym_replacement,0.21
0.5,0.5,100,1000,162, 00:00,6.14,32,-1,3,-1,sst2_aug_synonym_replacement,0.162
0.5,0.5,100,1000,168, 00:00,5.94,64,-1,3,-1,sst2_aug_synonym_replacement,0.168
0.8719298243522644,1.0,40,400,73, 01:50,5.41,4,0,3,-1,sst2_aug_synonym_replacement,0.1825
0.9070175886154176,0.9983,20,200,39, 02:39,5.01,16,0,3,-1,sst2_aug_synonym_replacement,0.195
0.8894736766815186,0.9967,20,200,39, 02:39,5.0,32,0,3,-1,sst2_aug_synonym_replacement,0.195
0.5,0.5,100,1000,174, 00:00,5.75,64,0,3,-1,sst2_aug_synonym_replacement,0.174
0.8666666746139526,1.0,30,300,56, 02:12,5.28,4,3,3,-1,sst2_aug_synonym_replacement,0.18666666666666668
0.8701754808425903,0.9967,30,300,56, 02:12,5.27,16,3,3,-1,sst2_aug_synonym_replacement,0.18666666666666668
0.8456140756607056,0.9967,10,100,22, 03:23,4.43,32,3,3,-1,sst2_aug_synonym_replacement,0.22
0.5,0.5067,100,1000,174, 00:00,5.74,64,3,3,-1,sst2_aug_synonym_replacement,0.174
0.9105263352394104,1.0,20,200,39, 02:38,5.03,4,6,3,-1,sst2_aug_synonym_replacement,0.195
0.9070175886154176,0.9983,20,200,39, 02:39,5.02,16,6,3,-1,sst2_aug_synonym_replacement,0.195
0.8421052694320679,0.9983,40,400,74, 01:51,5.4,32,6,3,-1,sst2_aug_synonym_replacement,0.185
0.5,0.5,100,1000,174, 00:00,5.75,64,6,3,-1,sst2_aug_synonym_replacement,0.174
0.8368421196937561,0.995,20,200,39, 02:38,5.04,4,9,3,-1,sst2_aug_synonym_replacement,0.195
0.8842105269432068,0.9983,20,200,39, 02:39,5.02,16,9,3,-1,sst2_aug_synonym_replacement,0.195
0.8649122714996338,0.9967,20,200,39, 02:39,5.01,32,9,3,-1,sst2_aug_synonym_replacement,0.195
0.5,0.5,100,1000,174, 00:00,5.74,64,9,3,-1,sst2_aug_synonym_replacement,0.174
0.921052634716034,0.995,10,100,22, 03:24,4.4,4,11,3,-1,sst2_aug_synonym_replacement,0.22
0.8701754808425903,0.9983,20,200,40, 02:40,4.98,16,11,3,-1,sst2_aug_synonym_replacement,0.2
0.7947368621826172,0.995,70,700,127, 00:54,5.48,32,11,3,-1,sst2_aug_synonym_replacement,0.18142857142857144
0.5,0.5,100,1000,175, 00:00,5.7,64,11,3,-1,sst2_aug_synonym_replacement,0.175
0.7990000247955322,0.9967,50,500,177, 02:57,2.82,4,-2,1,-1,yelp_polarity,0.354
0.7990000247955322,0.9967,50,500,176, 02:56,2.83,4,-2,2,-1,yelp_polarity,0.352
0.7990000247955322,0.9967,50,500,176, 02:56,2.83,4,-2,3,-1,yelp_polarity,0.352
0.8520000576972961,0.9967,40,400,129, 03:13,3.09,4,-2,1,0,yelp_polarity,0.3225
0.8520000576972961,0.9983,40,400,130, 03:15,3.06,4,-2,2,0,yelp_polarity,0.325
0.8450000286102295,0.9967,30,300,101, 03:56,2.96,4,-2,3,0,yelp_polarity,0.33666666666666667
0.8580000400543213,0.995,40,400,128, 03:13,3.1,4,-2,1,3,yelp_polarity,0.32
0.8500000238418579,0.9967,30,300,100, 03:53,2.99,4,-2,2,3,yelp_polarity,0.3333333333333333
0.8520000576972961,1.0,40,400,131, 03:17,3.04,4,-2,3,3,yelp_polarity,0.3275
0.8490000367164612,0.9967,30,300,99, 03:51,3.03,4,-2,1,6,yelp_polarity,0.33
0.843000054359436,0.9983,30,300,100, 03:53,2.99,4,-2,2,6,yelp_polarity,0.3333333333333333
0.8480000495910645,0.995,30,300,101, 03:56,2.96,4,-2,3,6,yelp_polarity,0.33666666666666667
0.8560000658035278,0.9983,60,600,188, 02:05,3.18,4,-2,1,9,yelp_polarity,0.31333333333333335
0.8440000414848328,1.0,70,700,221, 01:34,3.17,4,-2,2,9,yelp_polarity,0.3157142857142857
0.8490000367164612,0.995,50,500,162, 02:42,3.08,4,-2,3,9,yelp_polarity,0.324
0.8510000109672546,0.9967,70,700,218, 01:33,3.21,4,-2,1,11,yelp_polarity,0.31142857142857144
0.8510000109672546,0.9967,70,700,218, 01:33,3.2,4,-2,2,11,yelp_polarity,0.31142857142857144
0.8510000109672546,0.9967,70,700,218, 01:33,3.2,4,-2,3,11,yelp_polarity,0.31142857142857144
0.6413043737411499,0.9633,100,1000,118, 00:00,8.42,4,-2,1,-1,cola,0.118
0.6413043737411499,0.9633,100,1000,118, 00:00,8.43,4,-2,2,-1,cola,0.118
0.6413043737411499,0.9633,100,1000,118, 00:00,8.44,4,-2,3,-1,cola,0.118
0.554347813129425,0.98,100,1000,83, 00:00,12.04,4,-2,1,0,cola,0.083
0.5248447060585022,0.98,100,1000,86, 00:00,11.58,4,-2,2,0,cola,0.086
0.546583890914917,0.985,100,1000,90, 00:00,11.11,4,-2,3,0,cola,0.09
0.5496894717216492,0.9917,100,1000,83, 00:00,11.97,4,-2,1,3,cola,0.083
0.5667701959609985,0.9817,100,1000,86, 00:00,11.53,4,-2,2,3,cola,0.086
0.5869565606117249,0.9933,100,1000,89, 00:00,11.15,4,-2,3,3,cola,0.089
0.5869565606117249,0.99,100,1000,82, 00:00,12.06,4,-2,1,6,cola,0.082
0.6304348111152649,0.99,100,1000,86, 00:00,11.59,4,-2,2,6,cola,0.086
0.6661490797996521,0.995,90,900,82, 00:09,10.91,4,-2,3,6,cola,0.09111111111111111
0.6816770434379578,0.985,100,1000,83, 00:00,12.03,4,-2,1,9,cola,0.083
0.7080745697021484,0.9783,100,1000,86, 00:00,11.54,4,-2,2,9,cola,0.086
0.6630434989929199,0.9817,100,1000,89, 00:00,11.15,4,-2,3,9,cola,0.089
0.6521739363670349,0.9533,100,1000,83, 00:00,12.01,4,-2,1,11,cola,0.083
0.6521739363670349,0.9533,100,1000,83, 00:00,12.03,4,-2,2,11,cola,0.083
0.6521739363670349,0.9533,100,1000,82, 00:00,12.05,4,-2,3,11,cola,0.082
0.9350877404212952,0.9967,10,100,23, 03:35,4.18,4,-2,1,-1,sst2_aug_random_insertion,0.23
0.9350877404212952,0.9967,10,100,23, 03:35,4.18,4,-2,2,-1,sst2_aug_random_insertion,0.23
0.9350877404212952,0.9967,10,100,23, 03:35,4.18,4,-2,3,-1,sst2_aug_random_insertion,0.23
0.9649122953414916,0.9967,10,100,20, 03:03,4.91,4,-2,1,0,sst2_aug_random_insertion,0.2
0.9701754450798036,0.9983,10,100,20, 03:06,4.83,4,-2,2,0,sst2_aug_random_insertion,0.2
0.9631578922271729,0.9983,20,200,36, 02:26,5.48,4,-2,3,0,sst2_aug_random_insertion,0.18
0.9701754450798036,0.9967,10,100,20, 03:02,4.93,4,-2,1,3,sst2_aug_random_insertion,0.2
0.9666666984558104,0.995,10,100,20, 03:05,4.84,4,-2,2,3,sst2_aug_random_insertion,0.2
0.9491228461265564,0.9983,10,100,20, 03:08,4.77,4,-2,3,3,sst2_aug_random_insertion,0.2
0.9736842513084412,0.9967,10,100,20, 03:02,4.92,4,-2,1,6,sst2_aug_random_insertion,0.2
0.9491228461265564,0.9967,10,100,20, 03:06,4.84,4,-2,2,6,sst2_aug_random_insertion,0.2
0.9578947424888612,0.9983,10,100,21, 03:09,4.74,4,-2,3,6,sst2_aug_random_insertion,0.21
0.9666666984558104,1.0,30,300,49, 01:56,6.01,4,-2,1,9,sst2_aug_random_insertion,0.16333333333333333
0.9684211015701294,0.995,10,100,20, 03:05,4.85,4,-2,2,9,sst2_aug_random_insertion,0.2
0.9649122953414916,0.995,10,100,21, 03:09,4.76,4,-2,3,9,sst2_aug_random_insertion,0.21
0.9684211015701294,0.995,20,200,35, 02:20,5.67,4,-2,1,11,sst2_aug_random_insertion,0.175
0.9684211015701294,0.995,20,200,35, 02:21,5.67,4,-2,2,11,sst2_aug_random_insertion,0.175
0.9684211015701294,0.995,20,200,35, 02:20,5.68,4,-2,3,11,sst2_aug_random_insertion,0.175
0.8736842274665833,0.995,20,200,33, 02:15,5.9,4,-2,1,-1,sst2_aug_random_swap,0.165
0.8736842274665833,0.995,20,200,34, 02:16,5.87,4,-2,2,-1,sst2_aug_random_swap,0.17
0.8736842274665833,0.995,20,200,34, 02:16,5.88,4,-2,3,-1,sst2_aug_random_swap,0.17
0.936842143535614,0.9983,20,200,27, 01:48,7.4,4,-2,1,0,sst2_aug_random_swap,0.135
0.9263157844543456,0.9983,30,300,39, 01:32,7.58,4,-2,2,0,sst2_aug_random_swap,0.13
0.9087719321250916,0.9967,20,200,28, 01:52,7.12,4,-2,3,0,sst2_aug_random_swap,0.14
0.9315789937973022,0.9983,20,200,26, 01:47,7.42,4,-2,1,3,sst2_aug_random_swap,0.13
0.9298245906829834,0.995,20,200,27, 01:50,7.27,4,-2,2,3,sst2_aug_random_swap,0.135
0.9140350818634032,0.9983,20,200,28, 01:52,7.09,4,-2,3,3,sst2_aug_random_swap,0.14
0.9245614409446716,0.995,20,200,27, 01:48,7.4,4,-2,1,6,sst2_aug_random_swap,0.135
0.9140350818634032,1.0,20,200,27, 01:50,7.26,4,-2,2,6,sst2_aug_random_swap,0.135
0.9333333373069764,0.995,10,100,15, 02:22,6.3,4,-2,3,6,sst2_aug_random_swap,0.15
0.91929829120636,0.995,30,300,38, 01:30,7.77,4,-2,1,9,sst2_aug_random_swap,0.12666666666666668
0.9280701875686646,0.9967,30,300,39, 01:32,7.56,4,-2,2,9,sst2_aug_random_swap,0.13
0.917543888092041,0.9967,30,300,40, 01:34,7.38,4,-2,3,9,sst2_aug_random_swap,0.13333333333333333
0.9228070378303528,0.9983,40,400,50, 01:15,7.92,4,-2,1,11,sst2_aug_random_swap,0.125
0.9228070378303528,0.9983,40,400,50, 01:15,7.93,4,-2,2,11,sst2_aug_random_swap,0.125
0.9228070378303528,0.9983,40,400,50, 01:15,7.92,4,-2,3,11,sst2_aug_random_swap,0.125
0.8824561834335327,0.995,20,200,40, 02:41,4.94,4,-2,1,-1,sst2_aug_synonym_replacement,0.2
0.8824561834335327,0.995,20,200,40, 02:41,4.94,4,-2,2,-1,sst2_aug_synonym_replacement,0.2
0.8824561834335327,0.995,20,200,40, 02:41,4.94,4,-2,3,-1,sst2_aug_synonym_replacement,0.2
0.9614035487174988,1.0,10,100,19, 02:53,5.19,4,-2,1,0,sst2_aug_synonym_replacement,0.19
0.936842143535614,0.995,10,100,19, 02:55,5.11,4,-2,2,0,sst2_aug_synonym_replacement,0.19
0.9578947424888612,0.9967,10,100,19, 02:59,5.03,4,-2,3,0,sst2_aug_synonym_replacement,0.19
0.9614035487174988,0.9983,10,100,19, 02:53,5.19,4,-2,1,3,sst2_aug_synonym_replacement,0.19
0.9438596963882446,1.0,20,200,34, 02:16,5.87,4,-2,2,3,sst2_aug_synonym_replacement,0.17
0.9421052932739258,0.995,10,100,19, 02:58,5.03,4,-2,3,3,sst2_aug_synonym_replacement,0.19
0.9315789937973022,0.9967,10,100,19, 02:53,5.2,4,-2,1,6,sst2_aug_synonym_replacement,0.19
0.9438596963882446,0.9983,20,200,34, 02:16,5.88,4,-2,2,6,sst2_aug_synonym_replacement,0.17
0.9052631855010986,0.9967,20,200,34, 02:18,5.77,4,-2,3,6,sst2_aug_synonym_replacement,0.17
0.9543859958648682,1.0,30,300,47, 01:50,6.34,4,-2,1,9,sst2_aug_synonym_replacement,0.15666666666666668
0.9456140398979188,0.9983,20,200,33, 02:15,5.88,4,-2,2,9,sst2_aug_synonym_replacement,0.165
0.9526315927505492,0.9967,20,200,34, 02:18,5.77,4,-2,3,9,sst2_aug_synonym_replacement,0.17
0.938596487045288,1.0,30,300,47, 01:50,6.34,4,-2,1,11,sst2_aug_synonym_replacement,0.15666666666666668
0.938596487045288,1.0,30,300,47, 01:50,6.34,4,-2,2,11,sst2_aug_synonym_replacement,0.15666666666666668
0.938596487045288,1.0,30,300,47, 01:50,6.34,4,-2,3,11,sst2_aug_synonym_replacement,0.15666666666666668
0.8510000109672546,0.995,40,400,129, 03:14,3.09,32,-1,1,0,yelp_polarity,0.3225
0.5570000410079956,0.55,100,1000,299, 00:00,3.34,64,-1,1,0,yelp_polarity,0.299
0.8510000109672546,0.9967,60,600,189, 02:06,3.17,16,-1,1,0,yelp_polarity,0.315
0.8500000238418579,0.9967,90,900,278, 00:30,3.23,4,-1,1,0,yelp_polarity,0.3088888888888889
0.843000054359436,0.995,40,400,130, 03:16,3.05,32,-1,2,0,yelp_polarity,0.325
0.5320000052452087,0.5,100,1000,304, 00:00,3.29,64,-1,2,0,yelp_polarity,0.304
0.8480000495910645,0.9967,40,400,130, 03:15,3.06,16,-1,2,0,yelp_polarity,0.325
0.8550000190734863,0.9967,70,700,220, 01:34,3.17,4,-1,2,0,yelp_polarity,0.3142857142857143
0.8390000462532043,0.9983,50,500,163, 02:43,3.07,32,-1,3,0,yelp_polarity,0.326
0.5200000405311584,0.5017,100,1000,308, 00:00,3.24,64,-1,3,0,yelp_polarity,0.308
0.8560000658035278,0.9983,40,400,132, 03:18,3.02,16,-1,3,0,yelp_polarity,0.33
0.8470000624656677,0.9967,50,500,162, 02:42,3.07,4,-1,3,0,yelp_polarity,0.324
0.8490000367164612,0.995,40,400,129, 03:14,3.09,32,-1,1,3,yelp_polarity,0.3225
0.8290000557899475,0.995,40,400,129, 03:14,3.08,64,-1,1,3,yelp_polarity,0.3225
0.8520000576972961,0.995,40,400,129, 03:14,3.09,16,-1,1,3,yelp_polarity,0.3225
0.8550000190734863,0.9967,70,700,218, 01:33,3.2,4,-1,1,3,yelp_polarity,0.31142857142857144
0.8450000286102295,1.0,30,300,100, 03:55,2.98,32,-1,2,3,yelp_polarity,0.3333333333333333
0.7320000529289246,0.9,100,1000,305, 00:00,3.28,64,-1,2,3,yelp_polarity,0.305
0.8530000448226929,0.995,30,300,100, 03:54,2.98,16,-1,2,3,yelp_polarity,0.3333333333333333
0.843000054359436,0.9967,60,600,191, 02:07,3.14,4,-1,2,3,yelp_polarity,0.31833333333333336
0.7270000576972961,0.9867,100,1000,306, 00:00,3.26,32,-1,3,3,yelp_polarity,0.306
0.5,0.5,100,1000,309, 00:00,3.23,64,-1,3,3,yelp_polarity,0.309
0.843000054359436,0.995,30,300,101, 03:57,2.95,16,-1,3,3,yelp_polarity,0.33666666666666667
0.8530000448226929,0.9967,50,500,162, 02:42,3.08,4,-1,3,3,yelp_polarity,0.324
0.8460000157356262,0.995,30,300,99, 03:52,3.01,32,-1,1,6,yelp_polarity,0.33
0.7850000262260437,0.9183,100,1000,300, 00:00,3.33,64,-1,1,6,yelp_polarity,0.3
0.8530000448226929,0.9967,70,700,219, 01:33,3.19,16,-1,1,6,yelp_polarity,0.31285714285714283
0.8420000672340393,0.995,70,700,218, 01:33,3.2,4,-1,1,6,yelp_polarity,0.31142857142857144
0.7980000376701355,0.9917,100,1000,302, 00:00,3.31,32,-1,2,6,yelp_polarity,0.302
0.7750000357627869,0.9467,100,1000,304, 00:00,3.28,64,-1,2,6,yelp_polarity,0.304
0.8460000157356262,0.995,40,400,130, 03:16,3.06,16,-1,2,6,yelp_polarity,0.325
0.8410000205039978,0.995,60,600,191, 02:07,3.14,4,-1,2,6,yelp_polarity,0.31833333333333336
0.812000036239624,0.995,90,900,285, 00:31,3.15,32,-1,3,6,yelp_polarity,0.31666666666666665
0.7260000109672546,0.7983,100,1000,309, 00:00,3.23,64,-1,3,6,yelp_polarity,0.309
0.8390000462532043,0.995,40,400,132, 03:18,3.02,16,-1,3,6,yelp_polarity,0.33
0.8490000367164612,0.995,50,500,162, 02:42,3.07,4,-1,3,6,yelp_polarity,0.324
0.8460000157356262,0.995,50,500,159, 02:39,3.13,32,-1,1,9,yelp_polarity,0.318
0.8410000205039978,0.9983,90,900,280, 00:31,3.21,64,-1,1,9,yelp_polarity,0.3111111111111111
0.8500000238418579,0.995,70,700,219, 01:33,3.19,16,-1,1,9,yelp_polarity,0.31285714285714283
0.8520000576972961,0.9983,80,800,248, 01:02,3.21,4,-1,1,9,yelp_polarity,0.31
0.8570000529289246,0.9967,50,500,161, 02:41,3.1,32,-1,2,9,yelp_polarity,0.322
0.7720000147819519,0.64,100,1000,305, 00:00,3.28,64,-1,2,9,yelp_polarity,0.305
0.8440000414848328,0.995,90,900,282, 00:31,3.19,16,-1,2,9,yelp_polarity,0.31333333333333335
0.8460000157356262,0.9967,70,700,221, 01:34,3.16,4,-1,2,9,yelp_polarity,0.3157142857142857
0.5,0.5,100,1000,305, 00:00,3.27,32,-1,3,9,yelp_polarity,0.305
0.7780000567436218,0.685,100,1000,308, 00:00,3.24,64,-1,3,9,yelp_polarity,0.308
0.8460000157356262,1.0,80,800,254, 01:03,3.15,16,-1,3,9,yelp_polarity,0.3175
0.8500000238418579,0.9983,60,600,192, 02:08,3.11,4,-1,3,9,yelp_polarity,0.32
0.7990000247955322,0.9667,100,1000,299, 00:00,3.34,32,-1,1,11,yelp_polarity,0.299
0.8340000510215759,0.975,100,1000,300, 00:00,3.33,64,-1,1,11,yelp_polarity,0.3
0.8390000462532043,0.9967,80,800,249, 01:02,3.21,16,-1,1,11,yelp_polarity,0.31125
0.8200000524520874,0.9883,100,1000,299, 00:00,3.34,4,-1,1,11,yelp_polarity,0.299
0.7990000247955322,0.9667,100,1000,299, 00:00,3.34,32,-1,2,11,yelp_polarity,0.299
0.8340000510215759,0.975,100,1000,300, 00:00,3.33,64,-1,2,11,yelp_polarity,0.3
0.8390000462532043,0.9967,80,800,249, 01:02,3.21,16,-1,2,11,yelp_polarity,0.31125
0.8200000524520874,0.9883,100,1000,299, 00:00,3.34,4,-1,2,11,yelp_polarity,0.299
0.7990000247955322,0.9667,100,1000,299, 00:00,3.34,32,-1,3,11,yelp_polarity,0.299
0.8340000510215759,0.975,100,1000,300, 00:00,3.33,64,-1,3,11,yelp_polarity,0.3
0.8390000462532043,0.9967,80,800,249, 01:02,3.21,16,-1,3,11,yelp_polarity,0.31125
0.8200000524520874,0.9883,100,1000,299, 00:00,3.34,4,-1,3,11,yelp_polarity,0.299
0.532608687877655,0.9,100,1000,81, 00:00,12.22,32,-1,1,0,cola,0.081
0.5496894717216492,0.9383,100,1000,82, 00:00,12.19,64,-1,1,0,cola,0.082
0.5,0.5,100,1000,81, 00:00,12.26,16,-1,1,0,cola,0.081
0.5295031070709229,0.8433,100,1000,81, 00:00,12.27,4,-1,1,0,cola,0.081
0.5,0.5,100,1000,83, 00:00,11.98,32,-1,2,0,cola,0.083
0.5201863646507263,0.8267,100,1000,84, 00:00,11.88,64,-1,2,0,cola,0.084
0.557453453540802,0.9733,100,1000,83, 00:00,12.04,16,-1,2,0,cola,0.083
0.579192578792572,0.9617,100,1000,82, 00:00,12.08,4,-1,2,0,cola,0.082
0.5,0.5,100,1000,84, 00:00,11.77,32,-1,3,0,cola,0.084
0.5263975262641907,0.6383,100,1000,86, 00:00,11.62,64,-1,3,0,cola,0.086
0.5403726696968079,0.96,100,1000,84, 00:00,11.87,16,-1,3,0,cola,0.084
0.5,0.5,100,1000,83, 00:00,11.94,4,-1,3,0,cola,0.083
0.6071428656578064,0.98,100,1000,81, 00:00,12.27,32,-1,1,3,cola,0.081
0.5357142686843872,0.9517,100,1000,81, 00:00,12.2,64,-1,1,3,cola,0.081
0.5822981595993042,0.9883,100,1000,81, 00:00,12.28,16,-1,1,3,cola,0.081
0.5854037404060364,0.9467,100,1000,81, 00:00,12.31,4,-1,1,3,cola,0.081
0.5916149020195007,0.9617,100,1000,83, 00:00,11.99,32,-1,2,3,cola,0.083
0.5,0.5,100,1000,84, 00:00,11.9,64,-1,2,3,cola,0.084
0.600931704044342,0.9583,100,1000,82, 00:00,12.07,16,-1,2,3,cola,0.082
0.5916149020195007,0.96,100,1000,82, 00:00,12.12,4,-1,2,3,cola,0.082
0.5838509202003479,0.9733,100,1000,84, 00:00,11.8,32,-1,3,3,cola,0.084
0.5512422323226929,0.6667,100,1000,86, 00:00,11.59,64,-1,3,3,cola,0.086
0.5978261232376099,0.9817,100,1000,84, 00:00,11.88,16,-1,3,3,cola,0.084
0.5978261232376099,0.9917,100,1000,83, 00:00,11.93,4,-1,3,3,cola,0.083
0.5916149020195007,0.98,100,1000,81, 00:00,12.26,32,-1,1,6,cola,0.081
0.5341615080833435,0.515,100,1000,82, 00:00,12.14,64,-1,1,6,cola,0.082
0.6024844646453857,0.9867,100,1000,81, 00:00,12.29,16,-1,1,6,cola,0.081
0.5869565606117249,0.9717,100,1000,81, 00:00,12.34,4,-1,1,6,cola,0.081
0.5698757767677307,0.9267,100,1000,83, 00:00,12.02,32,-1,2,6,cola,0.083
0.5,0.5,100,1000,83, 00:00,11.94,64,-1,2,6,cola,0.083
0.6149068474769592,0.975,100,1000,82, 00:00,12.09,16,-1,2,6,cola,0.082
0.6211180090904236,0.985,100,1000,82, 00:00,12.12,4,-1,2,6,cola,0.082
0.590062141418457,0.8617,100,1000,84, 00:00,11.82,32,-1,3,6,cola,0.084
0.5,0.5,100,1000,85, 00:00,11.7,64,-1,3,6,cola,0.085
0.6226708292961121,0.99,100,1000,84, 00:00,11.9,16,-1,3,6,cola,0.084
0.6086956858634949,0.9783,100,1000,83, 00:00,11.97,4,-1,3,6,cola,0.083
0.5419254899024963,0.9517,100,1000,81, 00:00,12.25,32,-1,1,9,cola,0.081
0.6226708292961121,0.9683,100,1000,81, 00:00,12.21,64,-1,1,9,cola,0.081
0.6475155353546143,0.9783,100,1000,81, 00:00,12.29,16,-1,1,9,cola,0.081
0.5869565606117249,0.93,100,1000,81, 00:00,12.3,4,-1,1,9,cola,0.081
0.6071428656578064,0.9683,100,1000,83, 00:00,12.0,32,-1,2,9,cola,0.083
0.5,0.5,100,1000,84, 00:00,11.9,64,-1,2,9,cola,0.084
0.6630434989929199,0.9733,100,1000,82, 00:00,12.13,16,-1,2,9,cola,0.082
0.6257764101028442,0.9717,100,1000,82, 00:00,12.16,4,-1,2,9,cola,0.082
0.5,0.5,100,1000,84, 00:00,11.83,32,-1,3,9,cola,0.084
0.5,0.5,100,1000,85, 00:00,11.64,64,-1,3,9,cola,0.085
0.6102484464645386,0.98,100,1000,83, 00:00,11.91,16,-1,3,9,cola,0.083
0.6459627151489258,0.98,100,1000,83, 00:00,11.94,4,-1,3,9,cola,0.083
0.5698757767677307,0.9533,100,1000,81, 00:00,12.28,32,-1,1,11,cola,0.081
0.5869565606117249,0.8767,100,1000,81, 00:00,12.23,64,-1,1,11,cola,0.081
0.5869565606117249,0.955,100,1000,81, 00:00,12.31,16,-1,1,11,cola,0.081
0.5605590343475342,0.905,100,1000,80, 00:00,12.36,4,-1,1,11,cola,0.08
0.5698757767677307,0.9533,100,1000,81, 00:00,12.26,32,-1,2,11,cola,0.081
0.5869565606117249,0.8767,100,1000,81, 00:00,12.22,64,-1,2,11,cola,0.081
0.5869565606117249,0.955,100,1000,81, 00:00,12.27,16,-1,2,11,cola,0.081
0.5605590343475342,0.905,100,1000,81, 00:00,12.31,4,-1,2,11,cola,0.081
0.5698757767677307,0.9533,100,1000,81, 00:00,12.25,32,-1,3,11,cola,0.081
0.5869565606117249,0.8767,100,1000,82, 00:00,12.19,64,-1,3,11,cola,0.082
0.5869565606117249,0.955,100,1000,81, 00:00,12.3,16,-1,3,11,cola,0.081
0.5605590343475342,0.905,100,1000,81, 00:00,12.34,4,-1,3,11,cola,0.081
0.9719298481941224,0.995,10,100,20, 03:02,4.94,32,-1,1,0,sst2_aug_random_insertion,0.2
0.9526315927505492,0.9983,20,200,35, 02:20,5.69,64,-1,1,0,sst2_aug_random_insertion,0.175
0.977192997932434,1.0,20,200,35, 02:20,5.71,16,-1,1,0,sst2_aug_random_insertion,0.175
0.9736842513084412,0.995,20,200,34, 02:19,5.73,4,-1,1,0,sst2_aug_random_insertion,0.17
0.9403508901596068,0.9967,20,200,35, 02:22,5.62,32,-1,2,0,sst2_aug_random_insertion,0.175
0.9438596963882446,1.0,20,200,35, 02:23,5.59,64,-1,2,0,sst2_aug_random_insertion,0.175
0.9631578922271729,0.9967,10,100,20, 03:04,4.88,16,-1,2,0,sst2_aug_random_insertion,0.2
0.9719298481941224,0.9967,10,100,20, 03:03,4.9,4,-1,2,0,sst2_aug_random_insertion,0.2
0.9421052932739258,0.995,30,300,50, 01:58,5.88,32,-1,3,0,sst2_aug_random_insertion,0.16666666666666666
0.5456140637397766,0.6333,100,1000,152, 00:00,6.54,64,-1,3,0,sst2_aug_random_insertion,0.152
0.9649122953414916,0.995,10,100,20, 03:06,4.83,16,-1,3,0,sst2_aug_random_insertion,0.2
0.9701754450798036,0.9983,10,100,20, 03:05,4.85,4,-1,3,0,sst2_aug_random_insertion,0.2
0.9666666984558104,0.995,10,100,20, 03:02,4.94,32,-1,1,3,sst2_aug_random_insertion,0.2
0.9508771896362304,0.9967,20,200,35, 02:20,5.69,64,-1,1,3,sst2_aug_random_insertion,0.175
0.9684211015701294,0.995,10,100,20, 03:01,4.95,16,-1,1,3,sst2_aug_random_insertion,0.2
0.9701754450798036,0.9983,20,200,34, 02:19,5.72,4,-1,1,3,sst2_aug_random_insertion,0.17
0.9631578922271729,1.0,20,200,35, 02:22,5.62,32,-1,2,3,sst2_aug_random_insertion,0.175
0.9157894849777222,1.0,40,400,65, 01:38,6.11,64,-1,2,3,sst2_aug_random_insertion,0.1625
0.9631578922271729,0.995,10,100,20, 03:04,4.89,16,-1,2,3,sst2_aug_random_insertion,0.2
0.9719298481941224,0.9967,10,100,20, 03:03,4.9,4,-1,2,3,sst2_aug_random_insertion,0.2
0.9491228461265564,1.0,20,200,35, 02:23,5.57,32,-1,3,3,sst2_aug_random_insertion,0.175
0.6824561357498169,0.87,100,1000,153, 00:00,6.53,64,-1,3,3,sst2_aug_random_insertion,0.153
0.9614035487174988,0.9983,20,200,35, 02:23,5.58,16,-1,3,3,sst2_aug_random_insertion,0.175
0.9701754450798036,0.9983,10,100,20, 03:05,4.85,4,-1,3,3,sst2_aug_random_insertion,0.2
0.9649122953414916,0.9967,10,100,20, 03:01,4.95,32,-1,1,6,sst2_aug_random_insertion,0.2
0.9350877404212952,0.9983,10,100,20, 03:02,4.94,64,-1,1,6,sst2_aug_random_insertion,0.2
0.9736842513084412,0.9983,10,100,20, 03:01,4.95,16,-1,1,6,sst2_aug_random_insertion,0.2
0.9736842513084412,0.9967,10,100,20, 03:01,4.95,4,-1,1,6,sst2_aug_random_insertion,0.2
0.9578947424888612,0.9967,10,100,20, 03:04,4.88,32,-1,2,6,sst2_aug_random_insertion,0.2
0.921052634716034,0.9967,20,200,35, 02:22,5.6,64,-1,2,6,sst2_aug_random_insertion,0.175
0.95964914560318,0.9983,10,100,20, 03:04,4.89,16,-1,2,6,sst2_aug_random_insertion,0.2
0.9719298481941224,0.9983,10,100,20, 03:03,4.9,4,-1,2,6,sst2_aug_random_insertion,0.2
0.9245614409446716,0.9967,20,200,35, 02:23,5.57,32,-1,3,6,sst2_aug_random_insertion,0.175
0.9052631855010986,0.9967,10,100,20, 03:07,4.79,64,-1,3,6,sst2_aug_random_insertion,0.2
0.9543859958648682,0.9983,20,200,35, 02:23,5.58,16,-1,3,6,sst2_aug_random_insertion,0.175
0.95964914560318,1.0,20,200,35, 02:23,5.59,4,-1,3,6,sst2_aug_random_insertion,0.175
0.9666666984558104,0.9983,20,200,35, 02:20,5.71,32,-1,1,9,sst2_aug_random_insertion,0.175
0.956140398979187,1.0,40,400,64, 01:36,6.23,64,-1,1,9,sst2_aug_random_insertion,0.16
0.9666666984558104,0.9967,20,200,34, 02:19,5.72,16,-1,1,9,sst2_aug_random_insertion,0.17
0.9736842513084412,0.995,20,200,34, 02:19,5.72,4,-1,1,9,sst2_aug_random_insertion,0.17
0.9719298481941224,0.9967,10,100,20, 03:04,4.89,32,-1,2,9,sst2_aug_random_insertion,0.2
0.9631578922271729,0.9967,10,100,20, 03:05,4.85,64,-1,2,9,sst2_aug_random_insertion,0.2
0.9701754450798036,0.9983,20,200,35, 02:21,5.66,16,-1,2,9,sst2_aug_random_insertion,0.175
0.9631578922271729,0.995,20,200,35, 02:21,5.66,4,-1,2,9,sst2_aug_random_insertion,0.175
0.8964912295341492,0.5,100,1000,151, 00:00,6.6,32,-1,3,9,sst2_aug_random_insertion,0.151
0.9543859958648682,0.995,20,200,36, 02:25,5.51,64,-1,3,9,sst2_aug_random_insertion,0.18
0.9649122953414916,0.9967,20,200,35, 02:23,5.57,16,-1,3,9,sst2_aug_random_insertion,0.175
0.9754385948181152,0.9983,30,300,50, 01:58,5.92,4,-1,3,9,sst2_aug_random_insertion,0.16666666666666666
0.9701754450798036,0.995,20,200,34, 02:19,5.72,32,-1,1,11,sst2_aug_random_insertion,0.17
0.9719298481941224,0.9967,30,300,49, 01:55,6.04,64,-1,1,11,sst2_aug_random_insertion,0.16333333333333333
0.9666666984558104,0.9967,20,200,34, 02:19,5.72,16,-1,1,11,sst2_aug_random_insertion,0.17
0.9684211015701294,0.995,20,200,35, 02:20,5.71,4,-1,1,11,sst2_aug_random_insertion,0.175
0.9701754450798036,0.995,20,200,35, 02:20,5.71,32,-1,2,11,sst2_aug_random_insertion,0.175
0.9719298481941224,0.9967,30,300,49, 01:55,6.04,64,-1,2,11,sst2_aug_random_insertion,0.16333333333333333
0.9666666984558104,0.9967,20,200,35, 02:20,5.71,16,-1,2,11,sst2_aug_random_insertion,0.175
0.9684211015701294,0.995,20,200,35, 02:20,5.71,4,-1,2,11,sst2_aug_random_insertion,0.175
0.9701754450798036,0.995,20,200,35, 02:20,5.71,32,-1,3,11,sst2_aug_random_insertion,0.175
0.9719298481941224,0.9967,30,300,49, 01:56,6.03,64,-1,3,11,sst2_aug_random_insertion,0.16333333333333333
0.9666666984558104,0.9967,20,200,34, 02:19,5.72,16,-1,3,11,sst2_aug_random_insertion,0.17
0.9684211015701294,0.995,20,200,34, 02:19,5.72,4,-1,3,11,sst2_aug_random_insertion,0.17
0.9333333373069764,0.995,20,200,26, 01:47,7.47,32,-1,1,0,sst2_aug_random_swap,0.13
0.9245614409446716,0.9967,20,200,26, 01:47,7.44,64,-1,1,0,sst2_aug_random_swap,0.13
0.9333333373069764,0.995,20,200,26, 01:46,7.54,16,-1,1,0,sst2_aug_random_swap,0.13
0.9403508901596068,0.9967,40,400,49, 01:14,8.05,4,-1,1,0,sst2_aug_random_swap,0.1225
0.9140350818634032,0.9983,20,200,27, 01:48,7.34,32,-1,2,0,sst2_aug_random_swap,0.135
0.5333333611488342,0.5,100,1000,119, 00:00,8.35,64,-1,2,0,sst2_aug_random_swap,0.119
0.9298245906829834,0.9967,20,200,26, 01:47,7.42,16,-1,2,0,sst2_aug_random_swap,0.13
0.9245614409446716,0.9967,30,300,38, 01:30,7.77,4,-1,2,0,sst2_aug_random_swap,0.12666666666666668
0.5,0.5,100,1000,120, 00:00,8.3,32,-1,3,0,sst2_aug_random_swap,0.12
0.7877193093299866,0.9983,40,400,51, 01:17,7.71,64,-1,3,0,sst2_aug_random_swap,0.1275
0.91929829120636,0.9967,20,200,27, 01:49,7.31,16,-1,3,0,sst2_aug_random_swap,0.135
0.9350877404212952,0.995,20,200,27, 01:49,7.33,4,-1,3,0,sst2_aug_random_swap,0.135
0.921052634716034,0.9967,20,200,26, 01:46,7.51,32,-1,1,3,sst2_aug_random_swap,0.13
0.9017543792724608,0.995,30,300,38, 01:29,7.79,64,-1,1,3,sst2_aug_random_swap,0.12666666666666668
0.9263157844543456,0.9967,20,200,26, 01:46,7.48,16,-1,1,3,sst2_aug_random_swap,0.13
0.9333333373069764,0.9983,30,300,38, 01:29,7.86,4,-1,1,3,sst2_aug_random_swap,0.12666666666666668
0.9017543792724608,0.995,30,300,38, 01:30,7.77,32,-1,2,3,sst2_aug_random_swap,0.12666666666666668
0.9052631855010986,0.9967,30,300,39, 01:31,7.69,64,-1,2,3,sst2_aug_random_swap,0.13
0.9263157844543456,0.9967,20,200,27, 01:48,7.38,16,-1,2,3,sst2_aug_random_swap,0.135
0.9315789937973022,0.9983,30,300,38, 01:30,7.71,4,-1,2,3,sst2_aug_random_swap,0.12666666666666668
0.8912280797958374,0.995,40,400,51, 01:17,7.79,32,-1,3,3,sst2_aug_random_swap,0.1275
0.8719298243522644,1.0,30,300,39, 01:33,7.51,64,-1,3,3,sst2_aug_random_swap,0.13
0.9228070378303528,0.9983,20,200,27, 01:48,7.41,16,-1,3,3,sst2_aug_random_swap,0.135
0.938596487045288,1.0,30,300,39, 01:31,7.66,4,-1,3,3,sst2_aug_random_swap,0.13
0.9157894849777222,0.995,20,200,26, 01:46,7.49,32,-1,1,6,sst2_aug_random_swap,0.13
0.917543888092041,1.0,30,300,38, 01:29,7.82,64,-1,1,6,sst2_aug_random_swap,0.12666666666666668
0.91929829120636,0.9983,30,300,38, 01:29,7.82,16,-1,1,6,sst2_aug_random_swap,0.12666666666666668
0.9280701875686646,1.0,40,400,49, 01:14,8.06,4,-1,1,6,sst2_aug_random_swap,0.1225
0.9000000357627869,0.9983,20,200,27, 01:48,7.39,32,-1,2,6,sst2_aug_random_swap,0.135
0.8842105269432068,0.995,20,200,27, 01:49,7.33,64,-1,2,6,sst2_aug_random_swap,0.135
0.917543888092041,0.9983,20,200,26, 01:47,7.41,16,-1,2,6,sst2_aug_random_swap,0.13
0.9245614409446716,0.9967,20,200,26, 01:47,7.44,4,-1,2,6,sst2_aug_random_swap,0.13
0.921052634716034,0.9967,10,100,15, 02:17,6.54,32,-1,3,6,sst2_aug_random_swap,0.15
0.7894737124443054,0.9583,100,1000,122, 00:00,8.2,64,-1,3,6,sst2_aug_random_swap,0.122
0.8929824829101562,0.995,10,100,15, 02:18,6.51,16,-1,3,6,sst2_aug_random_swap,0.15
0.9350877404212952,0.9983,30,300,38, 01:30,7.7,4,-1,3,6,sst2_aug_random_swap,0.12666666666666668
0.91929829120636,1.0,50,500,61, 01:01,8.1,32,-1,1,9,sst2_aug_random_swap,0.122
0.9105263352394104,0.995,40,400,49, 01:14,8.03,64,-1,1,9,sst2_aug_random_swap,0.1225
0.9228070378303528,0.995,30,300,38, 01:29,7.85,16,-1,1,9,sst2_aug_random_swap,0.12666666666666668
0.9245614409446716,0.995,40,400,49, 01:14,8.05,4,-1,1,9,sst2_aug_random_swap,0.1225
0.9228070378303528,0.995,30,300,39, 01:31,7.66,32,-1,2,9,sst2_aug_random_swap,0.13
0.9122807383537292,0.995,80,800,99, 00:24,8.08,64,-1,2,9,sst2_aug_random_swap,0.12375
0.9315789937973022,1.0,40,400,50, 01:15,7.95,16,-1,2,9,sst2_aug_random_swap,0.125
0.936842143535614,0.9967,40,400,50, 01:15,7.92,4,-1,2,9,sst2_aug_random_swap,0.125
0.9245614409446716,0.9983,50,500,63, 01:03,7.87,32,-1,3,9,sst2_aug_random_swap,0.126
0.9298245906829834,0.8683,100,1000,121, 00:00,8.2,64,-1,3,9,sst2_aug_random_swap,0.121
0.921052634716034,0.9967,30,300,39, 01:31,7.61,16,-1,3,9,sst2_aug_random_swap,0.13
0.9333333373069764,1.0,40,400,51, 01:16,7.83,4,-1,3,9,sst2_aug_random_swap,0.1275
0.9333333373069764,1.0,50,500,61, 01:01,8.1,32,-1,1,11,sst2_aug_random_swap,0.122
0.9263157844543456,0.995,80,800,97, 00:24,8.19,64,-1,1,11,sst2_aug_random_swap,0.12125
0.9280701875686646,0.9967,40,400,49, 01:14,8.02,16,-1,1,11,sst2_aug_random_swap,0.1225
0.9280701875686646,0.995,50,500,61, 01:01,8.14,4,-1,1,11,sst2_aug_random_swap,0.122
0.9333333373069764,1.0,50,500,61, 01:01,8.15,32,-1,2,11,sst2_aug_random_swap,0.122
0.9263157844543456,0.995,80,800,97, 00:24,8.24,64,-1,2,11,sst2_aug_random_swap,0.12125
0.9280701875686646,0.9967,40,400,49, 01:14,8.02,16,-1,2,11,sst2_aug_random_swap,0.1225
0.9280701875686646,0.995,50,500,61, 01:01,8.18,4,-1,2,11,sst2_aug_random_swap,0.122
0.9333333373069764,1.0,50,500,61, 01:01,8.17,32,-1,3,11,sst2_aug_random_swap,0.122
0.9263157844543456,0.995,80,800,97, 00:24,8.24,64,-1,3,11,sst2_aug_random_swap,0.12125
0.9280701875686646,0.9967,40,400,49, 01:14,8.09,16,-1,3,11,sst2_aug_random_swap,0.1225
0.9280701875686646,0.995,50,500,61, 01:01,8.14,4,-1,3,11,sst2_aug_random_swap,0.122
0.9526315927505492,0.9967,20,200,33, 02:12,6.02,32,-1,1,0,sst2_aug_synonym_replacement,0.165
0.936842143535614,1.0,10,100,19, 02:53,5.19,64,-1,1,0,sst2_aug_synonym_replacement,0.19
0.9438596963882446,0.995,10,100,19, 02:52,5.22,16,-1,1,0,sst2_aug_synonym_replacement,0.19
0.95964914560318,0.9967,30,300,46, 01:49,6.39,4,-1,1,0,sst2_aug_synonym_replacement,0.15333333333333332
0.9157894849777222,0.9967,30,300,47, 01:51,6.29,32,-1,2,0,sst2_aug_synonym_replacement,0.15666666666666668
0.4964912235736847,0.495,100,1000,142, 00:00,7.01,64,-1,2,0,sst2_aug_synonym_replacement,0.142
0.9456140398979188,0.9967,10,100,19, 02:54,5.16,16,-1,2,0,sst2_aug_synonym_replacement,0.19
0.956140398979187,0.995,20,200,33, 02:14,5.97,4,-1,2,0,sst2_aug_synonym_replacement,0.165
0.9403508901596068,1.0,30,300,48, 01:52,6.2,32,-1,3,0,sst2_aug_synonym_replacement,0.16
0.9017543792724608,0.995,20,200,34, 02:17,5.82,64,-1,3,0,sst2_aug_synonym_replacement,0.17
0.9333333373069764,0.995,10,100,19, 02:56,5.1,16,-1,3,0,sst2_aug_synonym_replacement,0.19
0.956140398979187,0.9983,20,200,33, 02:15,5.9,4,-1,3,0,sst2_aug_synonym_replacement,0.165
0.9350877404212952,0.9967,10,100,19, 02:52,5.21,32,-1,1,3,sst2_aug_synonym_replacement,0.19
0.5,0.5,100,1000,140, 00:00,7.14,64,-1,1,3,sst2_aug_synonym_replacement,0.14
0.95964914560318,0.9983,10,100,19, 02:52,5.23,16,-1,1,3,sst2_aug_synonym_replacement,0.19
0.95964914560318,0.9983,30,300,46, 01:49,6.39,4,-1,1,3,sst2_aug_synonym_replacement,0.15333333333333332
0.9333333373069764,0.9967,20,200,33, 02:14,5.94,32,-1,2,3,sst2_aug_synonym_replacement,0.165
0.9122807383537292,0.995,10,100,19, 02:55,5.12,64,-1,2,3,sst2_aug_synonym_replacement,0.19
0.9491228461265564,0.9967,10,100,19, 02:54,5.16,16,-1,2,3,sst2_aug_synonym_replacement,0.19
0.9456140398979188,0.9983,20,200,33, 02:14,5.96,4,-1,2,3,sst2_aug_synonym_replacement,0.165
0.9315789937973022,0.9967,20,200,34, 02:16,5.86,32,-1,3,3,sst2_aug_synonym_replacement,0.17
0.9157894849777222,0.995,30,300,48, 01:54,6.13,64,-1,3,3,sst2_aug_synonym_replacement,0.16
0.921052634716034,0.9967,20,200,34, 02:16,5.88,16,-1,3,3,sst2_aug_synonym_replacement,0.17
0.9526315927505492,0.995,10,100,19, 02:56,5.11,4,-1,3,3,sst2_aug_synonym_replacement,0.19
0.9263157844543456,0.9983,20,200,33, 02:12,6.03,32,-1,1,6,sst2_aug_synonym_replacement,0.165
0.921052634716034,0.9983,30,300,47, 01:50,6.36,64,-1,1,6,sst2_aug_synonym_replacement,0.15666666666666668
0.956140398979187,0.9983,10,100,19, 02:52,5.23,16,-1,1,6,sst2_aug_synonym_replacement,0.19
0.9456140398979188,0.995,20,200,33, 02:12,6.04,4,-1,1,6,sst2_aug_synonym_replacement,0.165
0.9245614409446716,1.0,30,300,47, 01:51,6.29,32,-1,2,6,sst2_aug_synonym_replacement,0.15666666666666668
0.8719298243522644,0.9983,70,700,105, 00:45,6.67,64,-1,2,6,sst2_aug_synonym_replacement,0.15
0.9438596963882446,1.0,20,200,33, 02:14,5.96,16,-1,2,6,sst2_aug_synonym_replacement,0.165
0.9473684430122375,0.9983,20,200,33, 02:14,5.96,4,-1,2,6,sst2_aug_synonym_replacement,0.165
0.8736842274665833,0.9983,30,300,48, 01:52,6.21,32,-1,3,6,sst2_aug_synonym_replacement,0.16
0.8947368860244751,0.995,10,100,19, 02:58,5.05,64,-1,3,6,sst2_aug_synonym_replacement,0.19
0.9421052932739258,0.995,10,100,19, 02:56,5.1,16,-1,3,6,sst2_aug_synonym_replacement,0.19
0.938596487045288,0.9983,20,200,33, 02:15,5.89,4,-1,3,6,sst2_aug_synonym_replacement,0.165
0.9508771896362304,1.0,20,200,33, 02:12,6.03,32,-1,1,9,sst2_aug_synonym_replacement,0.165
0.9333333373069764,1.0,20,200,33, 02:13,6.01,64,-1,1,9,sst2_aug_synonym_replacement,0.165
0.9456140398979188,0.9983,20,200,33, 02:12,6.03,16,-1,1,9,sst2_aug_synonym_replacement,0.165
0.938596487045288,0.9983,40,400,60, 01:31,6.59,4,-1,1,9,sst2_aug_synonym_replacement,0.15
0.9473684430122375,0.995,10,100,19, 02:54,5.15,32,-1,2,9,sst2_aug_synonym_replacement,0.19
0.9456140398979188,0.9983,20,200,33, 02:15,5.91,64,-1,2,9,sst2_aug_synonym_replacement,0.165
0.9473684430122375,0.9983,20,200,33, 02:14,5.96,16,-1,2,9,sst2_aug_synonym_replacement,0.165
0.9456140398979188,1.0,30,300,47, 01:50,6.31,4,-1,2,9,sst2_aug_synonym_replacement,0.15666666666666668
0.9473684430122375,0.995,10,100,19, 02:56,5.09,32,-1,3,9,sst2_aug_synonym_replacement,0.19
0.5,0.5033,100,1000,145, 00:00,6.89,64,-1,3,9,sst2_aug_synonym_replacement,0.145
0.9526315927505492,0.995,20,200,34, 02:16,5.88,16,-1,3,9,sst2_aug_synonym_replacement,0.17
0.9403508901596068,0.9967,30,300,48, 01:52,6.24,4,-1,3,9,sst2_aug_synonym_replacement,0.16
0.9508771896362304,0.995,30,300,47, 01:49,6.38,32,-1,1,11,sst2_aug_synonym_replacement,0.15666666666666668
0.9403508901596068,0.9967,30,300,47, 01:50,6.35,64,-1,1,11,sst2_aug_synonym_replacement,0.15666666666666668
0.9438596963882446,1.0,30,300,47, 01:49,6.38,16,-1,1,11,sst2_aug_synonym_replacement,0.15666666666666668
0.9456140398979188,0.995,40,400,60, 01:31,6.58,4,-1,1,11,sst2_aug_synonym_replacement,0.15
0.9508771896362304,0.995,30,300,47, 01:49,6.37,32,-1,2,11,sst2_aug_synonym_replacement,0.15666666666666668
0.9403508901596068,0.9967,30,300,47, 01:50,6.35,64,-1,2,11,sst2_aug_synonym_replacement,0.15666666666666668
0.9438596963882446,1.0,30,300,47, 01:49,6.37,16,-1,2,11,sst2_aug_synonym_replacement,0.15666666666666668
0.9456140398979188,0.995,40,400,60, 01:31,6.58,4,-1,2,11,sst2_aug_synonym_replacement,0.15
0.9508771896362304,0.995,30,300,47, 01:49,6.37,32,-1,3,11,sst2_aug_synonym_replacement,0.15666666666666668
0.9403508901596068,0.9967,30,300,47, 01:50,6.36,64,-1,3,11,sst2_aug_synonym_replacement,0.15666666666666668
0.9438596963882446,1.0,30,300,47, 01:49,6.38,16,-1,3,11,sst2_aug_synonym_replacement,0.15666666666666668
0.9456140398979188,0.995,40,400,60, 01:31,6.58,4,-1,3,11,sst2_aug_synonym_replacement,0.15
